[
{
  "model": "auth.permission",
  "pk": 1,
  "fields": {
    "name": "Can add log entry",
    "content_type": 1,
    "codename": "add_logentry"
  }
},
{
  "model": "auth.permission",
  "pk": 2,
  "fields": {
    "name": "Can change log entry",
    "content_type": 1,
    "codename": "change_logentry"
  }
},
{
  "model": "auth.permission",
  "pk": 3,
  "fields": {
    "name": "Can delete log entry",
    "content_type": 1,
    "codename": "delete_logentry"
  }
},
{
  "model": "auth.permission",
  "pk": 4,
  "fields": {
    "name": "Can view log entry",
    "content_type": 1,
    "codename": "view_logentry"
  }
},
{
  "model": "auth.permission",
  "pk": 9,
  "fields": {
    "name": "Can add group",
    "content_type": 3,
    "codename": "add_group"
  }
},
{
  "model": "auth.permission",
  "pk": 10,
  "fields": {
    "name": "Can change group",
    "content_type": 3,
    "codename": "change_group"
  }
},
{
  "model": "auth.permission",
  "pk": 11,
  "fields": {
    "name": "Can delete group",
    "content_type": 3,
    "codename": "delete_group"
  }
},
{
  "model": "auth.permission",
  "pk": 12,
  "fields": {
    "name": "Can view group",
    "content_type": 3,
    "codename": "view_group"
  }
},
{
  "model": "auth.permission",
  "pk": 5,
  "fields": {
    "name": "Can add permission",
    "content_type": 2,
    "codename": "add_permission"
  }
},
{
  "model": "auth.permission",
  "pk": 6,
  "fields": {
    "name": "Can change permission",
    "content_type": 2,
    "codename": "change_permission"
  }
},
{
  "model": "auth.permission",
  "pk": 7,
  "fields": {
    "name": "Can delete permission",
    "content_type": 2,
    "codename": "delete_permission"
  }
},
{
  "model": "auth.permission",
  "pk": 8,
  "fields": {
    "name": "Can view permission",
    "content_type": 2,
    "codename": "view_permission"
  }
},
{
  "model": "auth.permission",
  "pk": 13,
  "fields": {
    "name": "Can add user",
    "content_type": 4,
    "codename": "add_user"
  }
},
{
  "model": "auth.permission",
  "pk": 14,
  "fields": {
    "name": "Can change user",
    "content_type": 4,
    "codename": "change_user"
  }
},
{
  "model": "auth.permission",
  "pk": 15,
  "fields": {
    "name": "Can delete user",
    "content_type": 4,
    "codename": "delete_user"
  }
},
{
  "model": "auth.permission",
  "pk": 16,
  "fields": {
    "name": "Can view user",
    "content_type": 4,
    "codename": "view_user"
  }
},
{
  "model": "auth.permission",
  "pk": 101,
  "fields": {
    "name": "Can add accounting period",
    "content_type": 26,
    "codename": "add_accountingperiod"
  }
},
{
  "model": "auth.permission",
  "pk": 102,
  "fields": {
    "name": "Can change accounting period",
    "content_type": 26,
    "codename": "change_accountingperiod"
  }
},
{
  "model": "auth.permission",
  "pk": 103,
  "fields": {
    "name": "Can delete accounting period",
    "content_type": 26,
    "codename": "delete_accountingperiod"
  }
},
{
  "model": "auth.permission",
  "pk": 104,
  "fields": {
    "name": "Can view accounting period",
    "content_type": 26,
    "codename": "view_accountingperiod"
  }
},
{
  "model": "auth.permission",
  "pk": 197,
  "fields": {
    "name": "Can add Registro de Auditoría",
    "content_type": 50,
    "codename": "add_auditlog"
  }
},
{
  "model": "auth.permission",
  "pk": 198,
  "fields": {
    "name": "Can change Registro de Auditoría",
    "content_type": 50,
    "codename": "change_auditlog"
  }
},
{
  "model": "auth.permission",
  "pk": 199,
  "fields": {
    "name": "Can delete Registro de Auditoría",
    "content_type": 50,
    "codename": "delete_auditlog"
  }
},
{
  "model": "auth.permission",
  "pk": 200,
  "fields": {
    "name": "Can view Registro de Auditoría",
    "content_type": 50,
    "codename": "view_auditlog"
  }
},
{
  "model": "auth.permission",
  "pk": 193,
  "fields": {
    "name": "Can add Cuenta Bancaria",
    "content_type": 49,
    "codename": "add_bankaccount"
  }
},
{
  "model": "auth.permission",
  "pk": 194,
  "fields": {
    "name": "Can change Cuenta Bancaria",
    "content_type": 49,
    "codename": "change_bankaccount"
  }
},
{
  "model": "auth.permission",
  "pk": 195,
  "fields": {
    "name": "Can delete Cuenta Bancaria",
    "content_type": 49,
    "codename": "delete_bankaccount"
  }
},
{
  "model": "auth.permission",
  "pk": 196,
  "fields": {
    "name": "Can view Cuenta Bancaria",
    "content_type": 49,
    "codename": "view_bankaccount"
  }
},
{
  "model": "auth.permission",
  "pk": 57,
  "fields": {
    "name": "Can add categoria contable",
    "content_type": 15,
    "codename": "add_categoriacontable"
  }
},
{
  "model": "auth.permission",
  "pk": 58,
  "fields": {
    "name": "Can change categoria contable",
    "content_type": 15,
    "codename": "change_categoriacontable"
  }
},
{
  "model": "auth.permission",
  "pk": 59,
  "fields": {
    "name": "Can delete categoria contable",
    "content_type": 15,
    "codename": "delete_categoriacontable"
  }
},
{
  "model": "auth.permission",
  "pk": 60,
  "fields": {
    "name": "Can view categoria contable",
    "content_type": 15,
    "codename": "view_categoriacontable"
  }
},
{
  "model": "auth.permission",
  "pk": 105,
  "fields": {
    "name": "Can add Cuenta Contable",
    "content_type": 27,
    "codename": "add_chartofaccounts"
  }
},
{
  "model": "auth.permission",
  "pk": 106,
  "fields": {
    "name": "Can change Cuenta Contable",
    "content_type": 27,
    "codename": "change_chartofaccounts"
  }
},
{
  "model": "auth.permission",
  "pk": 107,
  "fields": {
    "name": "Can delete Cuenta Contable",
    "content_type": 27,
    "codename": "delete_chartofaccounts"
  }
},
{
  "model": "auth.permission",
  "pk": 108,
  "fields": {
    "name": "Can view Cuenta Contable",
    "content_type": 27,
    "codename": "view_chartofaccounts"
  }
},
{
  "model": "auth.permission",
  "pk": 109,
  "fields": {
    "name": "Can add Empresa",
    "content_type": 28,
    "codename": "add_company"
  }
},
{
  "model": "auth.permission",
  "pk": 110,
  "fields": {
    "name": "Can change Empresa",
    "content_type": 28,
    "codename": "change_company"
  }
},
{
  "model": "auth.permission",
  "pk": 111,
  "fields": {
    "name": "Can delete Empresa",
    "content_type": 28,
    "codename": "delete_company"
  }
},
{
  "model": "auth.permission",
  "pk": 112,
  "fields": {
    "name": "Can view Empresa",
    "content_type": 28,
    "codename": "view_company"
  }
},
{
  "model": "auth.permission",
  "pk": 113,
  "fields": {
    "name": "Can add Membresía de Empresa",
    "content_type": 29,
    "codename": "add_companymembership"
  }
},
{
  "model": "auth.permission",
  "pk": 114,
  "fields": {
    "name": "Can change Membresía de Empresa",
    "content_type": 29,
    "codename": "change_companymembership"
  }
},
{
  "model": "auth.permission",
  "pk": 115,
  "fields": {
    "name": "Can delete Membresía de Empresa",
    "content_type": 29,
    "codename": "delete_companymembership"
  }
},
{
  "model": "auth.permission",
  "pk": 116,
  "fields": {
    "name": "Can view Membresía de Empresa",
    "content_type": 29,
    "codename": "view_companymembership"
  }
},
{
  "model": "auth.permission",
  "pk": 201,
  "fields": {
    "name": "Can add Usuario Contable",
    "content_type": 51,
    "codename": "add_contableuser"
  }
},
{
  "model": "auth.permission",
  "pk": 202,
  "fields": {
    "name": "Can change Usuario Contable",
    "content_type": 51,
    "codename": "change_contableuser"
  }
},
{
  "model": "auth.permission",
  "pk": 203,
  "fields": {
    "name": "Can delete Usuario Contable",
    "content_type": 51,
    "codename": "delete_contableuser"
  }
},
{
  "model": "auth.permission",
  "pk": 204,
  "fields": {
    "name": "Can view Usuario Contable",
    "content_type": 51,
    "codename": "view_contableuser"
  }
},
{
  "model": "auth.permission",
  "pk": 117,
  "fields": {
    "name": "Can add Cliente",
    "content_type": 30,
    "codename": "add_customer"
  }
},
{
  "model": "auth.permission",
  "pk": 118,
  "fields": {
    "name": "Can change Cliente",
    "content_type": 30,
    "codename": "change_customer"
  }
},
{
  "model": "auth.permission",
  "pk": 119,
  "fields": {
    "name": "Can delete Cliente",
    "content_type": 30,
    "codename": "delete_customer"
  }
},
{
  "model": "auth.permission",
  "pk": 120,
  "fields": {
    "name": "Can view Cliente",
    "content_type": 30,
    "codename": "view_customer"
  }
},
{
  "model": "auth.permission",
  "pk": 189,
  "fields": {
    "name": "Can add Depreciación",
    "content_type": 48,
    "codename": "add_depreciation"
  }
},
{
  "model": "auth.permission",
  "pk": 190,
  "fields": {
    "name": "Can change Depreciación",
    "content_type": 48,
    "codename": "change_depreciation"
  }
},
{
  "model": "auth.permission",
  "pk": 191,
  "fields": {
    "name": "Can delete Depreciación",
    "content_type": 48,
    "codename": "delete_depreciation"
  }
},
{
  "model": "auth.permission",
  "pk": 192,
  "fields": {
    "name": "Can view Depreciación",
    "content_type": 48,
    "codename": "view_depreciation"
  }
},
{
  "model": "auth.permission",
  "pk": 121,
  "fields": {
    "name": "Can add Empleado",
    "content_type": 31,
    "codename": "add_employee"
  }
},
{
  "model": "auth.permission",
  "pk": 122,
  "fields": {
    "name": "Can change Empleado",
    "content_type": 31,
    "codename": "change_employee"
  }
},
{
  "model": "auth.permission",
  "pk": 123,
  "fields": {
    "name": "Can delete Empleado",
    "content_type": 31,
    "codename": "delete_employee"
  }
},
{
  "model": "auth.permission",
  "pk": 124,
  "fields": {
    "name": "Can view Empleado",
    "content_type": 31,
    "codename": "view_employee"
  }
},
{
  "model": "auth.permission",
  "pk": 185,
  "fields": {
    "name": "Can add Activo Fijo",
    "content_type": 47,
    "codename": "add_fixedasset"
  }
},
{
  "model": "auth.permission",
  "pk": 186,
  "fields": {
    "name": "Can change Activo Fijo",
    "content_type": 47,
    "codename": "change_fixedasset"
  }
},
{
  "model": "auth.permission",
  "pk": 187,
  "fields": {
    "name": "Can delete Activo Fijo",
    "content_type": 47,
    "codename": "delete_fixedasset"
  }
},
{
  "model": "auth.permission",
  "pk": 188,
  "fields": {
    "name": "Can view Activo Fijo",
    "content_type": 47,
    "codename": "view_fixedasset"
  }
},
{
  "model": "auth.permission",
  "pk": 181,
  "fields": {
    "name": "Can add Movimiento de Inventario",
    "content_type": 46,
    "codename": "add_inventorymovement"
  }
},
{
  "model": "auth.permission",
  "pk": 182,
  "fields": {
    "name": "Can change Movimiento de Inventario",
    "content_type": 46,
    "codename": "change_inventorymovement"
  }
},
{
  "model": "auth.permission",
  "pk": 183,
  "fields": {
    "name": "Can delete Movimiento de Inventario",
    "content_type": 46,
    "codename": "delete_inventorymovement"
  }
},
{
  "model": "auth.permission",
  "pk": 184,
  "fields": {
    "name": "Can view Movimiento de Inventario",
    "content_type": 46,
    "codename": "view_inventorymovement"
  }
},
{
  "model": "auth.permission",
  "pk": 125,
  "fields": {
    "name": "Can add Factura",
    "content_type": 32,
    "codename": "add_invoice"
  }
},
{
  "model": "auth.permission",
  "pk": 126,
  "fields": {
    "name": "Can change Factura",
    "content_type": 32,
    "codename": "change_invoice"
  }
},
{
  "model": "auth.permission",
  "pk": 127,
  "fields": {
    "name": "Can delete Factura",
    "content_type": 32,
    "codename": "delete_invoice"
  }
},
{
  "model": "auth.permission",
  "pk": 128,
  "fields": {
    "name": "Can view Factura",
    "content_type": 32,
    "codename": "view_invoice"
  }
},
{
  "model": "auth.permission",
  "pk": 177,
  "fields": {
    "name": "Can add Línea de Factura",
    "content_type": 45,
    "codename": "add_invoiceline"
  }
},
{
  "model": "auth.permission",
  "pk": 178,
  "fields": {
    "name": "Can change Línea de Factura",
    "content_type": 45,
    "codename": "change_invoiceline"
  }
},
{
  "model": "auth.permission",
  "pk": 179,
  "fields": {
    "name": "Can delete Línea de Factura",
    "content_type": 45,
    "codename": "delete_invoiceline"
  }
},
{
  "model": "auth.permission",
  "pk": 180,
  "fields": {
    "name": "Can view Línea de Factura",
    "content_type": 45,
    "codename": "view_invoiceline"
  }
},
{
  "model": "auth.permission",
  "pk": 129,
  "fields": {
    "name": "Can add Asiento Contable",
    "content_type": 33,
    "codename": "add_journalentry"
  }
},
{
  "model": "auth.permission",
  "pk": 130,
  "fields": {
    "name": "Can change Asiento Contable",
    "content_type": 33,
    "codename": "change_journalentry"
  }
},
{
  "model": "auth.permission",
  "pk": 131,
  "fields": {
    "name": "Can delete Asiento Contable",
    "content_type": 33,
    "codename": "delete_journalentry"
  }
},
{
  "model": "auth.permission",
  "pk": 132,
  "fields": {
    "name": "Can view Asiento Contable",
    "content_type": 33,
    "codename": "view_journalentry"
  }
},
{
  "model": "auth.permission",
  "pk": 173,
  "fields": {
    "name": "Can add Línea de Asiento",
    "content_type": 44,
    "codename": "add_journalentryline"
  }
},
{
  "model": "auth.permission",
  "pk": 174,
  "fields": {
    "name": "Can change Línea de Asiento",
    "content_type": 44,
    "codename": "change_journalentryline"
  }
},
{
  "model": "auth.permission",
  "pk": 175,
  "fields": {
    "name": "Can delete Línea de Asiento",
    "content_type": 44,
    "codename": "delete_journalentryline"
  }
},
{
  "model": "auth.permission",
  "pk": 176,
  "fields": {
    "name": "Can view Línea de Asiento",
    "content_type": 44,
    "codename": "view_journalentryline"
  }
},
{
  "model": "auth.permission",
  "pk": 169,
  "fields": {
    "name": "Can add Pago",
    "content_type": 43,
    "codename": "add_payment"
  }
},
{
  "model": "auth.permission",
  "pk": 170,
  "fields": {
    "name": "Can change Pago",
    "content_type": 43,
    "codename": "change_payment"
  }
},
{
  "model": "auth.permission",
  "pk": 171,
  "fields": {
    "name": "Can delete Pago",
    "content_type": 43,
    "codename": "delete_payment"
  }
},
{
  "model": "auth.permission",
  "pk": 172,
  "fields": {
    "name": "Can view Pago",
    "content_type": 43,
    "codename": "view_payment"
  }
},
{
  "model": "auth.permission",
  "pk": 133,
  "fields": {
    "name": "Can add Nómina",
    "content_type": 34,
    "codename": "add_payroll"
  }
},
{
  "model": "auth.permission",
  "pk": 134,
  "fields": {
    "name": "Can change Nómina",
    "content_type": 34,
    "codename": "change_payroll"
  }
},
{
  "model": "auth.permission",
  "pk": 135,
  "fields": {
    "name": "Can delete Nómina",
    "content_type": 34,
    "codename": "delete_payroll"
  }
},
{
  "model": "auth.permission",
  "pk": 136,
  "fields": {
    "name": "Can view Nómina",
    "content_type": 34,
    "codename": "view_payroll"
  }
},
{
  "model": "auth.permission",
  "pk": 165,
  "fields": {
    "name": "Can add payroll line",
    "content_type": 42,
    "codename": "add_payrollline"
  }
},
{
  "model": "auth.permission",
  "pk": 166,
  "fields": {
    "name": "Can change payroll line",
    "content_type": 42,
    "codename": "change_payrollline"
  }
},
{
  "model": "auth.permission",
  "pk": 167,
  "fields": {
    "name": "Can delete payroll line",
    "content_type": 42,
    "codename": "delete_payrollline"
  }
},
{
  "model": "auth.permission",
  "pk": 168,
  "fields": {
    "name": "Can view payroll line",
    "content_type": 42,
    "codename": "view_payrollline"
  }
},
{
  "model": "auth.permission",
  "pk": 137,
  "fields": {
    "name": "Can add Plan de Suscripción",
    "content_type": 35,
    "codename": "add_plan"
  }
},
{
  "model": "auth.permission",
  "pk": 138,
  "fields": {
    "name": "Can change Plan de Suscripción",
    "content_type": 35,
    "codename": "change_plan"
  }
},
{
  "model": "auth.permission",
  "pk": 139,
  "fields": {
    "name": "Can delete Plan de Suscripción",
    "content_type": 35,
    "codename": "delete_plan"
  }
},
{
  "model": "auth.permission",
  "pk": 140,
  "fields": {
    "name": "Can view Plan de Suscripción",
    "content_type": 35,
    "codename": "view_plan"
  }
},
{
  "model": "auth.permission",
  "pk": 141,
  "fields": {
    "name": "Can add Producto",
    "content_type": 36,
    "codename": "add_product"
  }
},
{
  "model": "auth.permission",
  "pk": 142,
  "fields": {
    "name": "Can change Producto",
    "content_type": 36,
    "codename": "change_product"
  }
},
{
  "model": "auth.permission",
  "pk": 143,
  "fields": {
    "name": "Can delete Producto",
    "content_type": 36,
    "codename": "delete_product"
  }
},
{
  "model": "auth.permission",
  "pk": 144,
  "fields": {
    "name": "Can view Producto",
    "content_type": 36,
    "codename": "view_product"
  }
},
{
  "model": "auth.permission",
  "pk": 61,
  "fields": {
    "name": "Can add product contsble",
    "content_type": 16,
    "codename": "add_productcontsble"
  }
},
{
  "model": "auth.permission",
  "pk": 62,
  "fields": {
    "name": "Can change product contsble",
    "content_type": 16,
    "codename": "change_productcontsble"
  }
},
{
  "model": "auth.permission",
  "pk": 63,
  "fields": {
    "name": "Can delete product contsble",
    "content_type": 16,
    "codename": "delete_productcontsble"
  }
},
{
  "model": "auth.permission",
  "pk": 64,
  "fields": {
    "name": "Can view product contsble",
    "content_type": 16,
    "codename": "view_productcontsble"
  }
},
{
  "model": "auth.permission",
  "pk": 145,
  "fields": {
    "name": "Can add Orden de Compra",
    "content_type": 37,
    "codename": "add_purchaseorder"
  }
},
{
  "model": "auth.permission",
  "pk": 146,
  "fields": {
    "name": "Can change Orden de Compra",
    "content_type": 37,
    "codename": "change_purchaseorder"
  }
},
{
  "model": "auth.permission",
  "pk": 147,
  "fields": {
    "name": "Can delete Orden de Compra",
    "content_type": 37,
    "codename": "delete_purchaseorder"
  }
},
{
  "model": "auth.permission",
  "pk": 148,
  "fields": {
    "name": "Can view Orden de Compra",
    "content_type": 37,
    "codename": "view_purchaseorder"
  }
},
{
  "model": "auth.permission",
  "pk": 161,
  "fields": {
    "name": "Can add purchase order line",
    "content_type": 41,
    "codename": "add_purchaseorderline"
  }
},
{
  "model": "auth.permission",
  "pk": 162,
  "fields": {
    "name": "Can change purchase order line",
    "content_type": 41,
    "codename": "change_purchaseorderline"
  }
},
{
  "model": "auth.permission",
  "pk": 163,
  "fields": {
    "name": "Can delete purchase order line",
    "content_type": 41,
    "codename": "delete_purchaseorderline"
  }
},
{
  "model": "auth.permission",
  "pk": 164,
  "fields": {
    "name": "Can view purchase order line",
    "content_type": 41,
    "codename": "view_purchaseorderline"
  }
},
{
  "model": "auth.permission",
  "pk": 157,
  "fields": {
    "name": "Can add Proveedor",
    "content_type": 40,
    "codename": "add_supplier"
  }
},
{
  "model": "auth.permission",
  "pk": 158,
  "fields": {
    "name": "Can change Proveedor",
    "content_type": 40,
    "codename": "change_supplier"
  }
},
{
  "model": "auth.permission",
  "pk": 159,
  "fields": {
    "name": "Can delete Proveedor",
    "content_type": 40,
    "codename": "delete_supplier"
  }
},
{
  "model": "auth.permission",
  "pk": 160,
  "fields": {
    "name": "Can view Proveedor",
    "content_type": 40,
    "codename": "view_supplier"
  }
},
{
  "model": "auth.permission",
  "pk": 153,
  "fields": {
    "name": "Can add Tasa de Impuesto",
    "content_type": 39,
    "codename": "add_taxrate"
  }
},
{
  "model": "auth.permission",
  "pk": 154,
  "fields": {
    "name": "Can change Tasa de Impuesto",
    "content_type": 39,
    "codename": "change_taxrate"
  }
},
{
  "model": "auth.permission",
  "pk": 155,
  "fields": {
    "name": "Can delete Tasa de Impuesto",
    "content_type": 39,
    "codename": "delete_taxrate"
  }
},
{
  "model": "auth.permission",
  "pk": 156,
  "fields": {
    "name": "Can view Tasa de Impuesto",
    "content_type": 39,
    "codename": "view_taxrate"
  }
},
{
  "model": "auth.permission",
  "pk": 149,
  "fields": {
    "name": "Can add Perfil de Usuario",
    "content_type": 38,
    "codename": "add_userprofile"
  }
},
{
  "model": "auth.permission",
  "pk": 150,
  "fields": {
    "name": "Can change Perfil de Usuario",
    "content_type": 38,
    "codename": "change_userprofile"
  }
},
{
  "model": "auth.permission",
  "pk": 151,
  "fields": {
    "name": "Can delete Perfil de Usuario",
    "content_type": 38,
    "codename": "delete_userprofile"
  }
},
{
  "model": "auth.permission",
  "pk": 152,
  "fields": {
    "name": "Can view Perfil de Usuario",
    "content_type": 38,
    "codename": "view_userprofile"
  }
},
{
  "model": "auth.permission",
  "pk": 17,
  "fields": {
    "name": "Can add content type",
    "content_type": 5,
    "codename": "add_contenttype"
  }
},
{
  "model": "auth.permission",
  "pk": 18,
  "fields": {
    "name": "Can change content type",
    "content_type": 5,
    "codename": "change_contenttype"
  }
},
{
  "model": "auth.permission",
  "pk": 19,
  "fields": {
    "name": "Can delete content type",
    "content_type": 5,
    "codename": "delete_contenttype"
  }
},
{
  "model": "auth.permission",
  "pk": 20,
  "fields": {
    "name": "Can view content type",
    "content_type": 5,
    "codename": "view_contenttype"
  }
},
{
  "model": "auth.permission",
  "pk": 77,
  "fields": {
    "name": "Can add Bono de Descuento",
    "content_type": 20,
    "codename": "add_bonodescuento"
  }
},
{
  "model": "auth.permission",
  "pk": 78,
  "fields": {
    "name": "Can change Bono de Descuento",
    "content_type": 20,
    "codename": "change_bonodescuento"
  }
},
{
  "model": "auth.permission",
  "pk": 79,
  "fields": {
    "name": "Can delete Bono de Descuento",
    "content_type": 20,
    "codename": "delete_bonodescuento"
  }
},
{
  "model": "auth.permission",
  "pk": 80,
  "fields": {
    "name": "Can view Bono de Descuento",
    "content_type": 20,
    "codename": "view_bonodescuento"
  }
},
{
  "model": "auth.permission",
  "pk": 25,
  "fields": {
    "name": "Can add category",
    "content_type": 7,
    "codename": "add_category"
  }
},
{
  "model": "auth.permission",
  "pk": 26,
  "fields": {
    "name": "Can change category",
    "content_type": 7,
    "codename": "change_category"
  }
},
{
  "model": "auth.permission",
  "pk": 27,
  "fields": {
    "name": "Can delete category",
    "content_type": 7,
    "codename": "delete_category"
  }
},
{
  "model": "auth.permission",
  "pk": 28,
  "fields": {
    "name": "Can view category",
    "content_type": 7,
    "codename": "view_category"
  }
},
{
  "model": "auth.permission",
  "pk": 89,
  "fields": {
    "name": "Can add Conversación",
    "content_type": 23,
    "codename": "add_conversation"
  }
},
{
  "model": "auth.permission",
  "pk": 90,
  "fields": {
    "name": "Can change Conversación",
    "content_type": 23,
    "codename": "change_conversation"
  }
},
{
  "model": "auth.permission",
  "pk": 91,
  "fields": {
    "name": "Can delete Conversación",
    "content_type": 23,
    "codename": "delete_conversation"
  }
},
{
  "model": "auth.permission",
  "pk": 92,
  "fields": {
    "name": "Can view Conversación",
    "content_type": 23,
    "codename": "view_conversation"
  }
},
{
  "model": "auth.permission",
  "pk": 85,
  "fields": {
    "name": "Can add Mensaje de Conversación",
    "content_type": 22,
    "codename": "add_conversationmessage"
  }
},
{
  "model": "auth.permission",
  "pk": 86,
  "fields": {
    "name": "Can change Mensaje de Conversación",
    "content_type": 22,
    "codename": "change_conversationmessage"
  }
},
{
  "model": "auth.permission",
  "pk": 87,
  "fields": {
    "name": "Can delete Mensaje de Conversación",
    "content_type": 22,
    "codename": "delete_conversationmessage"
  }
},
{
  "model": "auth.permission",
  "pk": 88,
  "fields": {
    "name": "Can view Mensaje de Conversación",
    "content_type": 22,
    "codename": "view_conversationmessage"
  }
},
{
  "model": "auth.permission",
  "pk": 29,
  "fields": {
    "name": "Can add galeria",
    "content_type": 8,
    "codename": "add_galeria"
  }
},
{
  "model": "auth.permission",
  "pk": 30,
  "fields": {
    "name": "Can change galeria",
    "content_type": 8,
    "codename": "change_galeria"
  }
},
{
  "model": "auth.permission",
  "pk": 31,
  "fields": {
    "name": "Can delete galeria",
    "content_type": 8,
    "codename": "delete_galeria"
  }
},
{
  "model": "auth.permission",
  "pk": 32,
  "fields": {
    "name": "Can view galeria",
    "content_type": 8,
    "codename": "view_galeria"
  }
},
{
  "model": "auth.permission",
  "pk": 93,
  "fields": {
    "name": "Can add Log de Notificación",
    "content_type": 24,
    "codename": "add_notificationlog"
  }
},
{
  "model": "auth.permission",
  "pk": 94,
  "fields": {
    "name": "Can change Log de Notificación",
    "content_type": 24,
    "codename": "change_notificationlog"
  }
},
{
  "model": "auth.permission",
  "pk": 95,
  "fields": {
    "name": "Can delete Log de Notificación",
    "content_type": 24,
    "codename": "delete_notificationlog"
  }
},
{
  "model": "auth.permission",
  "pk": 96,
  "fields": {
    "name": "Can view Log de Notificación",
    "content_type": 24,
    "codename": "view_notificationlog"
  }
},
{
  "model": "auth.permission",
  "pk": 45,
  "fields": {
    "name": "Can add pedido",
    "content_type": 12,
    "codename": "add_pedido"
  }
},
{
  "model": "auth.permission",
  "pk": 46,
  "fields": {
    "name": "Can change pedido",
    "content_type": 12,
    "codename": "change_pedido"
  }
},
{
  "model": "auth.permission",
  "pk": 47,
  "fields": {
    "name": "Can delete pedido",
    "content_type": 12,
    "codename": "delete_pedido"
  }
},
{
  "model": "auth.permission",
  "pk": 48,
  "fields": {
    "name": "Can view pedido",
    "content_type": 12,
    "codename": "view_pedido"
  }
},
{
  "model": "auth.permission",
  "pk": 53,
  "fields": {
    "name": "Can add pedido detalle",
    "content_type": 14,
    "codename": "add_pedidodetalle"
  }
},
{
  "model": "auth.permission",
  "pk": 54,
  "fields": {
    "name": "Can change pedido detalle",
    "content_type": 14,
    "codename": "change_pedidodetalle"
  }
},
{
  "model": "auth.permission",
  "pk": 55,
  "fields": {
    "name": "Can delete pedido detalle",
    "content_type": 14,
    "codename": "delete_pedidodetalle"
  }
},
{
  "model": "auth.permission",
  "pk": 56,
  "fields": {
    "name": "Can view pedido detalle",
    "content_type": 14,
    "codename": "view_pedidodetalle"
  }
},
{
  "model": "auth.permission",
  "pk": 37,
  "fields": {
    "name": "Can add product store",
    "content_type": 10,
    "codename": "add_productstore"
  }
},
{
  "model": "auth.permission",
  "pk": 38,
  "fields": {
    "name": "Can change product store",
    "content_type": 10,
    "codename": "change_productstore"
  }
},
{
  "model": "auth.permission",
  "pk": 39,
  "fields": {
    "name": "Can delete product store",
    "content_type": 10,
    "codename": "delete_productstore"
  }
},
{
  "model": "auth.permission",
  "pk": 40,
  "fields": {
    "name": "Can view product store",
    "content_type": 10,
    "codename": "view_productstore"
  }
},
{
  "model": "auth.permission",
  "pk": 49,
  "fields": {
    "name": "Can add product variant",
    "content_type": 13,
    "codename": "add_productvariant"
  }
},
{
  "model": "auth.permission",
  "pk": 50,
  "fields": {
    "name": "Can change product variant",
    "content_type": 13,
    "codename": "change_productvariant"
  }
},
{
  "model": "auth.permission",
  "pk": 51,
  "fields": {
    "name": "Can delete product variant",
    "content_type": 13,
    "codename": "delete_productvariant"
  }
},
{
  "model": "auth.permission",
  "pk": 52,
  "fields": {
    "name": "Can view product variant",
    "content_type": 13,
    "codename": "view_productvariant"
  }
},
{
  "model": "auth.permission",
  "pk": 205,
  "fields": {
    "name": "Can add Proyecto",
    "content_type": 52,
    "codename": "add_project"
  }
},
{
  "model": "auth.permission",
  "pk": 206,
  "fields": {
    "name": "Can change Proyecto",
    "content_type": 52,
    "codename": "change_project"
  }
},
{
  "model": "auth.permission",
  "pk": 207,
  "fields": {
    "name": "Can delete Proyecto",
    "content_type": 52,
    "codename": "delete_project"
  }
},
{
  "model": "auth.permission",
  "pk": 208,
  "fields": {
    "name": "Can view Proyecto",
    "content_type": 52,
    "codename": "view_project"
  }
},
{
  "model": "auth.permission",
  "pk": 69,
  "fields": {
    "name": "Can add proveedor",
    "content_type": 18,
    "codename": "add_proveedor"
  }
},
{
  "model": "auth.permission",
  "pk": 70,
  "fields": {
    "name": "Can change proveedor",
    "content_type": 18,
    "codename": "change_proveedor"
  }
},
{
  "model": "auth.permission",
  "pk": 71,
  "fields": {
    "name": "Can delete proveedor",
    "content_type": 18,
    "codename": "delete_proveedor"
  }
},
{
  "model": "auth.permission",
  "pk": 72,
  "fields": {
    "name": "Can view proveedor",
    "content_type": 18,
    "codename": "view_proveedor"
  }
},
{
  "model": "auth.permission",
  "pk": 41,
  "fields": {
    "name": "Can add simple user",
    "content_type": 11,
    "codename": "add_simpleuser"
  }
},
{
  "model": "auth.permission",
  "pk": 42,
  "fields": {
    "name": "Can change simple user",
    "content_type": 11,
    "codename": "change_simpleuser"
  }
},
{
  "model": "auth.permission",
  "pk": 43,
  "fields": {
    "name": "Can delete simple user",
    "content_type": 11,
    "codename": "delete_simpleuser"
  }
},
{
  "model": "auth.permission",
  "pk": 44,
  "fields": {
    "name": "Can view simple user",
    "content_type": 11,
    "codename": "view_simpleuser"
  }
},
{
  "model": "auth.permission",
  "pk": 97,
  "fields": {
    "name": "Can add Notificación de Stock",
    "content_type": 25,
    "codename": "add_stocknotification"
  }
},
{
  "model": "auth.permission",
  "pk": 98,
  "fields": {
    "name": "Can change Notificación de Stock",
    "content_type": 25,
    "codename": "change_stocknotification"
  }
},
{
  "model": "auth.permission",
  "pk": 99,
  "fields": {
    "name": "Can delete Notificación de Stock",
    "content_type": 25,
    "codename": "delete_stocknotification"
  }
},
{
  "model": "auth.permission",
  "pk": 100,
  "fields": {
    "name": "Can view Notificación de Stock",
    "content_type": 25,
    "codename": "view_stocknotification"
  }
},
{
  "model": "auth.permission",
  "pk": 209,
  "fields": {
    "name": "Can add store visit",
    "content_type": 53,
    "codename": "add_storevisit"
  }
},
{
  "model": "auth.permission",
  "pk": 210,
  "fields": {
    "name": "Can change store visit",
    "content_type": 53,
    "codename": "change_storevisit"
  }
},
{
  "model": "auth.permission",
  "pk": 211,
  "fields": {
    "name": "Can delete store visit",
    "content_type": 53,
    "codename": "delete_storevisit"
  }
},
{
  "model": "auth.permission",
  "pk": 212,
  "fields": {
    "name": "Can view store visit",
    "content_type": 53,
    "codename": "view_storevisit"
  }
},
{
  "model": "auth.permission",
  "pk": 213,
  "fields": {
    "name": "Can add tenant",
    "content_type": 54,
    "codename": "add_tenant"
  }
},
{
  "model": "auth.permission",
  "pk": 214,
  "fields": {
    "name": "Can change tenant",
    "content_type": 54,
    "codename": "change_tenant"
  }
},
{
  "model": "auth.permission",
  "pk": 215,
  "fields": {
    "name": "Can delete tenant",
    "content_type": 54,
    "codename": "delete_tenant"
  }
},
{
  "model": "auth.permission",
  "pk": 216,
  "fields": {
    "name": "Can view tenant",
    "content_type": 54,
    "codename": "view_tenant"
  }
},
{
  "model": "auth.permission",
  "pk": 33,
  "fields": {
    "name": "Can add type",
    "content_type": 9,
    "codename": "add_type"
  }
},
{
  "model": "auth.permission",
  "pk": 34,
  "fields": {
    "name": "Can change type",
    "content_type": 9,
    "codename": "change_type"
  }
},
{
  "model": "auth.permission",
  "pk": 35,
  "fields": {
    "name": "Can delete type",
    "content_type": 9,
    "codename": "delete_type"
  }
},
{
  "model": "auth.permission",
  "pk": 36,
  "fields": {
    "name": "Can view type",
    "content_type": 9,
    "codename": "view_type"
  }
},
{
  "model": "auth.permission",
  "pk": 81,
  "fields": {
    "name": "Can add Token de Verificación",
    "content_type": 21,
    "codename": "add_verificationtoken"
  }
},
{
  "model": "auth.permission",
  "pk": 82,
  "fields": {
    "name": "Can change Token de Verificación",
    "content_type": 21,
    "codename": "change_verificationtoken"
  }
},
{
  "model": "auth.permission",
  "pk": 83,
  "fields": {
    "name": "Can delete Token de Verificación",
    "content_type": 21,
    "codename": "delete_verificationtoken"
  }
},
{
  "model": "auth.permission",
  "pk": 84,
  "fields": {
    "name": "Can view Token de Verificación",
    "content_type": 21,
    "codename": "view_verificationtoken"
  }
},
{
  "model": "auth.permission",
  "pk": 225,
  "fields": {
    "name": "Can add Configuración WhatsApp",
    "content_type": 57,
    "codename": "add_whatsappconfig"
  }
},
{
  "model": "auth.permission",
  "pk": 226,
  "fields": {
    "name": "Can change Configuración WhatsApp",
    "content_type": 57,
    "codename": "change_whatsappconfig"
  }
},
{
  "model": "auth.permission",
  "pk": 227,
  "fields": {
    "name": "Can delete Configuración WhatsApp",
    "content_type": 57,
    "codename": "delete_whatsappconfig"
  }
},
{
  "model": "auth.permission",
  "pk": 228,
  "fields": {
    "name": "Can view Configuración WhatsApp",
    "content_type": 57,
    "codename": "view_whatsappconfig"
  }
},
{
  "model": "auth.permission",
  "pk": 73,
  "fields": {
    "name": "Can add register_superuser",
    "content_type": 19,
    "codename": "add_register_superuser"
  }
},
{
  "model": "auth.permission",
  "pk": 74,
  "fields": {
    "name": "Can change register_superuser",
    "content_type": 19,
    "codename": "change_register_superuser"
  }
},
{
  "model": "auth.permission",
  "pk": 75,
  "fields": {
    "name": "Can delete register_superuser",
    "content_type": 19,
    "codename": "delete_register_superuser"
  }
},
{
  "model": "auth.permission",
  "pk": 76,
  "fields": {
    "name": "Can view register_superuser",
    "content_type": 19,
    "codename": "view_register_superuser"
  }
},
{
  "model": "auth.permission",
  "pk": 229,
  "fields": {
    "name": "Can add Configuración de Tienda",
    "content_type": 58,
    "codename": "add_storeconfig"
  }
},
{
  "model": "auth.permission",
  "pk": 230,
  "fields": {
    "name": "Can change Configuración de Tienda",
    "content_type": 58,
    "codename": "change_storeconfig"
  }
},
{
  "model": "auth.permission",
  "pk": 231,
  "fields": {
    "name": "Can delete Configuración de Tienda",
    "content_type": 58,
    "codename": "delete_storeconfig"
  }
},
{
  "model": "auth.permission",
  "pk": 232,
  "fields": {
    "name": "Can view Configuración de Tienda",
    "content_type": 58,
    "codename": "view_storeconfig"
  }
},
{
  "model": "auth.permission",
  "pk": 221,
  "fields": {
    "name": "Can add store info",
    "content_type": 56,
    "codename": "add_storeinfo"
  }
},
{
  "model": "auth.permission",
  "pk": 222,
  "fields": {
    "name": "Can change store info",
    "content_type": 56,
    "codename": "change_storeinfo"
  }
},
{
  "model": "auth.permission",
  "pk": 223,
  "fields": {
    "name": "Can delete store info",
    "content_type": 56,
    "codename": "delete_storeinfo"
  }
},
{
  "model": "auth.permission",
  "pk": 224,
  "fields": {
    "name": "Can view store info",
    "content_type": 56,
    "codename": "view_storeinfo"
  }
},
{
  "model": "auth.permission",
  "pk": 217,
  "fields": {
    "name": "Can add wompi config",
    "content_type": 55,
    "codename": "add_wompiconfig"
  }
},
{
  "model": "auth.permission",
  "pk": 218,
  "fields": {
    "name": "Can change wompi config",
    "content_type": 55,
    "codename": "change_wompiconfig"
  }
},
{
  "model": "auth.permission",
  "pk": 219,
  "fields": {
    "name": "Can delete wompi config",
    "content_type": 55,
    "codename": "delete_wompiconfig"
  }
},
{
  "model": "auth.permission",
  "pk": 220,
  "fields": {
    "name": "Can view wompi config",
    "content_type": 55,
    "codename": "view_wompiconfig"
  }
},
{
  "model": "auth.permission",
  "pk": 65,
  "fields": {
    "name": "Can add history entry",
    "content_type": 17,
    "codename": "add_historyentry"
  }
},
{
  "model": "auth.permission",
  "pk": 66,
  "fields": {
    "name": "Can change history entry",
    "content_type": 17,
    "codename": "change_historyentry"
  }
},
{
  "model": "auth.permission",
  "pk": 67,
  "fields": {
    "name": "Can delete history entry",
    "content_type": 17,
    "codename": "delete_historyentry"
  }
},
{
  "model": "auth.permission",
  "pk": 68,
  "fields": {
    "name": "Can view history entry",
    "content_type": 17,
    "codename": "view_historyentry"
  }
},
{
  "model": "auth.permission",
  "pk": 21,
  "fields": {
    "name": "Can add session",
    "content_type": 6,
    "codename": "add_session"
  }
},
{
  "model": "auth.permission",
  "pk": 22,
  "fields": {
    "name": "Can change session",
    "content_type": 6,
    "codename": "change_session"
  }
},
{
  "model": "auth.permission",
  "pk": 23,
  "fields": {
    "name": "Can delete session",
    "content_type": 6,
    "codename": "delete_session"
  }
},
{
  "model": "auth.permission",
  "pk": 24,
  "fields": {
    "name": "Can view session",
    "content_type": 6,
    "codename": "view_session"
  }
},
{
  "model": "auth.user",
  "pk": 2,
  "fields": {
    "password": "pbkdf2_sha256$600000$Xx6HiS95VcqIDKM47DR6OK$izevVjEOby2IflD2zkMDmJIyMoKYp/2moM3sLFxw/YU=",
    "last_login": null,
    "is_superuser": false,
    "username": "DARWINALRUVE02",
    "first_name": "",
    "last_name": "",
    "email": "darwinjosealtuve@gmail.com",
    "is_staff": false,
    "is_active": true,
    "date_joined": "2025-10-18T17:31:35.537Z",
    "groups": [],
    "user_permissions": []
  }
},
{
  "model": "auth.user",
  "pk": 4,
  "fields": {
    "password": "pbkdf2_sha256$600000$AT8AT4Yxxl4EjudRJP7bxe$4DuQs4orJEMx0Lo/tA0ZDmJ/lqPwwac/wCimHqwy/BM=",
    "last_login": null,
    "is_superuser": false,
    "username": "darwinjosealtuve@gmail.com",
    "first_name": "Darwin Altuve",
    "last_name": "",
    "email": "darwinjosealtuve@gmail.com",
    "is_staff": false,
    "is_active": true,
    "date_joined": "2025-11-11T22:48:01.090Z",
    "groups": [],
    "user_permissions": []
  }
},
{
  "model": "auth.user",
  "pk": 3,
  "fields": {
    "password": "pbkdf2_sha256$260000$W0Y2Xp862Zf6Jq3P3gEojX$+jkD/IIA+SOcgN1qFg23HSZjv7QNV7KatEmcSpIMK/c=",
    "last_login": null,
    "is_superuser": false,
    "username": "danioso8@hotmail.com",
    "first_name": "Daniel Osorio",
    "last_name": "",
    "email": "danioso8@hotmail.com",
    "is_staff": false,
    "is_active": true,
    "date_joined": "2025-11-10T19:04:02.744Z",
    "groups": [],
    "user_permissions": []
  }
},
{
  "model": "auth.user",
  "pk": 1,
  "fields": {
    "password": "pbkdf2_sha256$260000$VFe1UrENnUqJT32kixhuU0$MMWKcc5YZ9NthZlMzwFAMOkzFIdvswI/vRhIotEIDCY=",
    "last_login": "2025-10-12T00:23:47.262Z",
    "is_superuser": true,
    "username": "danioso8",
    "first_name": "",
    "last_name": "",
    "email": "danioso8@hotmail.com",
    "is_staff": true,
    "is_active": true,
    "date_joined": "2025-10-12T00:21:53.308Z",
    "groups": [],
    "user_permissions": []
  }
},
{
  "model": "auth.user",
  "pk": 5,
  "fields": {
    "password": "pbkdf2_sha256$260000$1qvZuwWLhQsEeZDjRBAqyj$I0XmHQvZE9wwkE47a/u2pDPfo9KjBKFdLnxpLZ7bdc8=",
    "last_login": null,
    "is_superuser": true,
    "username": "admin",
    "first_name": "",
    "last_name": "",
    "email": "admin@compueasys.com",
    "is_staff": true,
    "is_active": true,
    "date_joined": "2025-11-19T23:50:24.393Z",
    "groups": [],
    "user_permissions": []
  }
},
{
  "model": "auth.user",
  "pk": 6,
  "fields": {
    "password": "pbkdf2_sha256$600000$l6RgNNLeyaqxPnP9calMLF$/Lc8/bNHvrzrbRp/9stOYYh0nNddpTv9qYwg8qeyaro=",
    "last_login": null,
    "is_superuser": false,
    "username": "lacasalogistica100@gmail.com",
    "first_name": "GIOVANNI ECHAVARRIA",
    "last_name": "",
    "email": "lacasalogistica100@gmail.com",
    "is_staff": false,
    "is_active": true,
    "date_joined": "2025-11-29T20:30:25.129Z",
    "groups": [],
    "user_permissions": []
  }
},
{
  "model": "auth.user",
  "pk": 7,
  "fields": {
    "password": "pbkdf2_sha256$600000$6uGeGVPmIkBWnU8Ee6F58g$e4jQiJ5RiWFxFsO2NCOj+ttAX1ZMIlqzwRR1hPFfO+g=",
    "last_login": null,
    "is_superuser": false,
    "username": "danoso8@hotmail.com",
    "first_name": "Daniel Osorio ",
    "last_name": "",
    "email": "danoso8@hotmail.com",
    "is_staff": false,
    "is_active": true,
    "date_joined": "2025-12-04T20:47:14.385Z",
    "groups": [],
    "user_permissions": []
  }
}
]
